<?xml version="1.0" encoding="UTF-8"?>
<project-private xmlns="http://www.netbeans.org/ns/project-private/1">
    <editor-bookmarks xmlns="http://www.netbeans.org/ns/editor-bookmarks/1"/>
    <open-files xmlns="http://www.netbeans.org/ns/projectui-open-files/2">
        <group>
            <file>file:/C:/Users/EUGENE-PC/Desktop/Banking%20system/BANK%20SYSTEM/src/HOMEPAGE.java</file>
            <file>file:/C:/Users/EUGENE-PC/Desktop/Banking%20system/BANK%20SYSTEM/src/WITHDRAWS.java</file>
            <file>file:/C:/Users/EUGENE-PC/Desktop/Banking%20system/BANK%20SYSTEM/src/DEPOSIT.java</file>
            <file>file:/C:/Users/EUGENE-PC/Desktop/Banking%20system/BANK%20SYSTEM/src/REGISTRATION.java</file>
            <file>file:/C:/Users/EUGENE-PC/Desktop/Banking%20system/BANK%20SYSTEM/src/SAVING.java</file>
            <file>file:/C:/Users/EUGENE-PC/Desktop/Banking%20system/BANK%20SYSTEM/src/WITHDRAW.java</file>
            <file>file:/C:/Users/EUGENE-PC/Desktop/Banking%20system/BANK%20SYSTEM/src/LOGIN.java</file>
            <file>file:/C:/Users/EUGENE-PC/Desktop/Banking%20system/BANK%20SYSTEM/src/adminpage.java</file>
        </group>
    </open-files>
</project-private>
